{"cameraMode":{"drawMode":0,"name":"Shaded","section":"Shading Mode"},"sceneLighting":false,"audioPlay":false,"sceneViewState":{"showFog":true,"showMaterialUpdate":false,"showSkybox":false,"showFlares":true,"showImageEffects":true,"showParticleSystems":true},"in2DMode":false,"pivot":{"x":-15.172621726989746,"y":-0.48296093940734866,"z":26.035900115966798},"rotation":{"x":-0.03925839439034462,"y":0.04554653912782669,"z":-0.0017919441452249885,"w":-0.9981937408447266},"size":1.8749995231628419,"orthographic":false}