{"cameraMode":{"drawMode":0,"name":"Shaded","section":"Shading Mode"},"sceneLighting":false,"audioPlay":false,"sceneViewState":{"showFog":true,"showMaterialUpdate":false,"showSkybox":false,"showFlares":true,"showImageEffects":true,"showParticleSystems":true},"in2DMode":false,"pivot":{"x":-9.5367431640625e-7,"y":0.4000014066696167,"z":8.399999618530274},"rotation":{"x":-0.043118175119161609,"y":0.17502163350582124,"z":-0.007671928498893976,"w":-0.9835948348045349},"size":48.55024337768555,"orthographic":false}