{"cameraMode":{"drawMode":0,"name":"Shaded","section":"Shading Mode"},"sceneLighting":false,"audioPlay":false,"sceneViewState":{"showFog":true,"showMaterialUpdate":false,"showSkybox":false,"showFlares":true,"showImageEffects":true,"showParticleSystems":true},"in2DMode":false,"pivot":{"x":-12.75341510772705,"y":2.393796920776367,"z":15.702448844909668},"rotation":{"x":0.11704796552658081,"y":-0.33778929710388186,"z":0.04238838702440262,"w":0.9329638481140137},"size":39.464683532714847,"orthographic":false}