{"cameraMode":{"drawMode":0,"name":"Shaded","section":"Shading Mode"},"sceneLighting":false,"audioPlay":false,"sceneViewState":{"showFog":true,"showMaterialUpdate":false,"showSkybox":false,"showFlares":true,"showImageEffects":true,"showParticleSystems":true},"in2DMode":false,"pivot":{"x":8.432512283325196,"y":-1.2214853763580323,"z":2.927502155303955},"rotation":{"x":0.10113385319709778,"y":-0.35103076696395876,"z":0.038173891603946689,"w":0.9301146864891052},"size":4.322497844696045,"orthographic":false}