{"cameraMode":{"drawMode":0,"name":"Shaded","section":"Shading Mode"},"sceneLighting":false,"audioPlay":false,"sceneViewState":{"showFog":true,"showMaterialUpdate":false,"showSkybox":false,"showFlares":true,"showImageEffects":true,"showParticleSystems":true},"in2DMode":false,"pivot":{"x":0.2028387188911438,"y":-0.19627925753593446,"z":-0.24186289310455323},"rotation":{"x":-0.22221697866916657,"y":-0.23930960893630982,"z":0.056361474096775058,"w":-0.9434950351715088},"size":1.4507322311401368,"orthographic":false}