{"cameraMode":{"drawMode":0,"name":"Shaded","section":"Shading Mode"},"sceneLighting":false,"audioPlay":false,"sceneViewState":{"showFog":true,"showMaterialUpdate":false,"showSkybox":false,"showFlares":true,"showImageEffects":true,"showParticleSystems":true},"in2DMode":false,"pivot":{"x":0.668952226638794,"y":-1.1041827201843262,"z":-0.8875637054443359},"rotation":{"x":0.16593623161315919,"y":0.03462739288806915,"z":-0.005822156555950642,"w":0.9855220913887024},"size":6.379848003387451,"orthographic":false}