{"cameraMode":{"drawMode":0,"name":"Shaded","section":"Shading Mode"},"sceneLighting":false,"audioPlay":false,"sceneViewState":{"showFog":true,"showMaterialUpdate":false,"showSkybox":false,"showFlares":true,"showImageEffects":true,"showParticleSystems":true},"in2DMode":false,"pivot":{"x":0.3474876880645752,"y":1.7280774116516114,"z":5.348445892333984},"rotation":{"x":0.1225230023264885,"y":-0.08709929883480072,"z":0.010800250805914402,"w":0.9885868430137634},"size":4.054628849029541,"orthographic":false}